episode,duration_seconds
1,1.3486697673797607
2,0.434523344039917
3,0.6031179428100586
4,0.9708030223846436
5,0.0679008960723877
6,0.29988956451416016
7,0.3369162082672119
8,0.36706972122192383
9,0.20021963119506836
10,0.06785225868225098
11,0.7016201019287109
12,0.10012364387512207
13,0.13230299949645996
14,0.0687403678894043
15,0.7672023773193359
16,0.16628384590148926
17,0.23391366004943848
18,0.10034561157226562
19,0.13263392448425293
20,0.20249128341674805
21,0.06658697128295898
22,0.10116839408874512
23,0.0675652027130127
24,0.13423705101013184
25,0.10112786293029785
26,0.10054779052734375
27,0.06678295135498047
28,0.0996541976928711
29,0.1994333267211914
30,0.06665635108947754
31,0.3370232582092285
32,0.06570577621459961
33,0.13401579856872559
34,0.1668868064880371
35,0.40077757835388184
36,0.1655285358428955
37,0.10054302215576172
38,0.16690635681152344
39,0.13364481925964355
40,0.10166525840759277
41,0.10123348236083984
42,0.09927845001220703
43,0.13351702690124512
44,0.1328258514404297
45,0.10052990913391113
46,0.13321709632873535
47,0.0995790958404541
48,0.10020709037780762
49,0.13354730606079102
50,0.1331315040588379
